{"cameraMode":{"drawMode":0,"name":"Shaded","section":"Shading Mode"},"sceneLighting":true,"audioPlay":false,"sceneViewState":{"m_AlwaysRefresh":false,"showFog":true,"showSkybox":true,"showFlares":true,"showImageEffects":true,"showParticleSystems":true,"showVisualEffectGraphs":true,"m_FxEnabled":true},"in2DMode":false,"pivot":{"x":0.04377269744873047,"y":2.614047050476074,"z":-0.40201663970947268},"rotation":{"x":0.25813284516334536,"y":-0.3924219310283661,"z":0.11574097722768784,"w":0.8751993179321289},"size":7.230530261993408,"orthographic":false}