{"cameraMode":{"drawMode":0,"name":"Shaded","section":"Shading Mode"},"sceneLighting":true,"audioPlay":false,"sceneViewState":{"m_AlwaysRefresh":false,"showFog":true,"showSkybox":true,"showFlares":true,"showImageEffects":true,"showParticleSystems":true,"showVisualEffectGraphs":true,"m_FxEnabled":true},"in2DMode":false,"pivot":{"x":449.3216247558594,"y":218.25555419921876,"z":308.874755859375},"rotation":{"x":-0.018586497753858568,"y":0.017390282824635507,"z":0.000323014595778659,"w":0.9996764659881592},"size":318.8225402832031,"orthographic":false}