{"cameraMode":{"drawMode":0,"name":"Shaded","section":"Shading Mode"},"sceneLighting":true,"audioPlay":false,"sceneViewState":{"m_AlwaysRefresh":false,"showFog":true,"showSkybox":true,"showFlares":true,"showImageEffects":true,"showParticleSystems":true,"showVisualEffectGraphs":true,"m_FxEnabled":true},"in2DMode":false,"pivot":{"x":-2.8045947551727297,"y":0.7148656845092773,"z":-1.3981995582580567},"rotation":{"x":-0.035853125154972079,"y":0.9630208015441895,"z":-0.1636335253715515,"w":-0.21100446581840516},"size":5.303487777709961,"orthographic":false}