{"cameraMode":{"drawMode":0,"name":"Shaded","section":"Shading Mode"},"sceneLighting":false,"audioPlay":false,"sceneViewState":{"m_AlwaysRefresh":false,"showFog":true,"showSkybox":false,"showFlares":true,"showImageEffects":true,"showParticleSystems":true,"showVisualEffectGraphs":true,"m_FxEnabled":true},"in2DMode":false,"pivot":{"x":458.8536682128906,"y":214.38119506835938,"z":6.2819671630859379},"rotation":{"x":-0.21076439321041108,"y":-0.0225510336458683,"z":0.0048660533502697948,"w":-0.9772874116897583},"size":81.39410400390625,"orthographic":false}